Recipe ID,Nama Resep,Energi (kj),Energi (kkal),Lemak (g),Lemak Jenuh (g),Lemak Trans (g),Lemak tak Jenuh Ganda (g),Lemak tak Jenuh Tunggal (g),Kolesterol (mg),Protein (g),Karbohidrat (g),Serat (g),Gula (g),Sodium (mg),Kalium (mg),Kategori,Keywords,PrepTime,CookTime,Ingredients,Instructioons,Meal Category
6,Kue Pisang,492,118,2.76,0.674,0.0,0.559,0.001026,57.0,6.3,19.31,2.4,4.88,492.0,156.0,"""Makanan Penutup"",""Makanan Ringan"",""Lainnya"",""Roti & Produk Panggang""","""Sederhana"",""enak dan sedikit manis.""",15 menit,20 menit,"""1 besar telur"",""1 sdt kayu manis"",""1/4 sdt garam"",""1 ekstra besar pisang"",""1 sdt baking soda"",""50 g instant oatmeal"",""3 g stevia sweetener"",""15 g wpro milk tea""","""Hancurkan pisang."",""Aduk telur sampai berbusa"",""masukkan kedalam pisang."",""Tambahkan sisa bahan dan aduk rata."",""Bagi adonan ke dalam cetakan dan panggang dalam oven dengan suhu 210°C selama 15-20 menit.""",makan malam
13,Tumis Kubis,371,89,1.55,0.00028,0.0,0.742,0.233,0.0,3.4,19.17,4.9,10.8,139.0,505.0,"""Lauk Pauk""","""Lauk sayuran rendah kalori.""",15 menit,15 menit,"""400 gram kubis hijau"",""30 gram cabai merah atau rawit"",""20 gram bawang putih"",""1 kecil utuh tomat merah"",""20 gram gula merah"",""45 gram bawang merah"",""3 g kaldu jamur"",""1/2 sdm saus tiram"",""2 gram udang rebon""","""Potong sayuran sesuai ukuran yang diinginkan."",""Tumis bawang merah dan bawang putih dalam wajan yang diolesi sedikit minyak."",""Tambahkan bahan lainnya satu per satu."",""Tuang air secukupnya dan tutup. Masak hingga matang.""",makan malam
58,Brownies Mocaf,890,213,12.1,0.005502,0.0,0.571,0.005136,53.0,2.37,25.52,1.3,14.96,33.0,108.0,"""Makanan Penutup"",""Roti & Produk Panggang""","""Resep brownies yang enak.""",10 menit,25 menit,"""2 besar telur"",""100 gram coklat manis atau gelap"",""50 gram mentega"",""15 gram kacang almond"",""100 gram gula merah"",""13 g coklat bubuk"",""30 ml extra virgin olive oil"",""100 g tepung mocaf""","""Lelehkan coklat manis gelap dengan minyak zaitun dan mentega."",""Kocok telur dan gula merah semut dengan whisk."",""Masukkan lelehan coklat tadi"",""aduk rata."",""Masukan tepung mocaf aduk rata."",""Masukan lagi coklat bubuk"",""aduk rata kembali."",""Panaskan oven 180°C selama 10 menit.Masukan adonan kedalam loyang panggang dan tambahkan almond sebagai topping selama 20-25m."",""Brownis siap dihidangkan.""",makan malam
76,Enoki Pedas Manis,561,134,0.0,0.00138,0.0,0.003328,0.002845,0.0,3.61,14.56,1.6,6.64,1.633,104.0,"""Lauk Pauk""","""Hidangan lezat"",""rendah kalori.""",10 menit,20 menit,"""1 sdt bubuk cabai"",""1 sdt garam"",""1 sdm minyak wijen"",""2 siung bawang putih"",""2 sdm saus tomat"",""1 sdt gula pasir"",""2 ml minyak goreng"",""200 g jamur enoki"",""2 sdm saos tiram""","""Potong akar jamur dan cuci."",""Panaskan minyak dalam wajan dan tumis bawang putih hingga harum."",""Tambahkan sisa bahan secara bertahap."",""Masak selama 10 menit atau sampai empuk.""",makan malam
77,Tumis Kecambah,397,95,3.48,0.001016,0.0,0.636,0.001223,131.0,8.26,8.14,1.9,3.55,1.286,252.0,"""Lauk Pauk""","""Lezat"",""lauk rendah kalori.""",15 menit,15 menit,"""62 gram telur"",""71 gram tomat"",""100 gram kecambah"",""33 gram putih telur"",""1 sejumput lada hitam"",""1 sdt garam"",""6 gram bawang putih"",""25 gram daun bawang"",""15 gram bawang merah"",""1 sdm sambal tabur""","""Cuci dan potong sayuran."",""Masukkan tomat ke dalam wajan panas dan aduk sampai jusnya keluar."",""Tambahkan bawang putih dan bawang bombay. Aduk hingga harum."",""Masukkan sisa bahan satu per satu. Tambahkan air sesuai kebutuhan dan didihkan selama 3 menit.""",makan malam
78,Tumis Sayuran,333,80,0.31,0.068,0.0,0.188,0.026,0.0,3.48,18.12,5.8,6.71,354.0,556.0,"""Lauk Pauk""","""Hidangan rendah kalori"",""kaya nutrisi.""",10 menit,15 menit,"""1 sejumput lada hitam"",""140 gram buncis"",""100 gram wortel"",""120 gram kembang kol"",""3 siung bawang putih"",""1 sejumput garam laut"",""1 1/2 sdm saos tiram"",""60 gram bawang bombay""","""Potong sayuran menjadi potongan-potongan kecil."",""Tumis bawang putih dan bawang bombay dalam wajan antilengket."",""Perlahan tambahkan sisa bahan. Masak hingga empuk.""",makan malam
87,Spring Roll Ayam,498,119,3.09,0.658,0.0,0.143,0.182,8.0,4.11,16.86,0.8,1.66,149.0,83.0,"""Salad dan Salad Dressing"",""Lauk Pauk"",""Makanan Pembuka""","""Makanan pembuka yang menyegarkan dengan sayuran renyah berwarna-warni.""",15 menit,8 menit,"""1 sedang rice paper"",""10 gram daging dada ayam (ayam pedaging"",""dipanggang"",""dimasak)"",""10 gram wortel"",""10 gram mentimun (dengan kulit)"",""15 gram bihun (dimasak)"",""8 ml roasted sesame dressing""","""Rebus bihun"",""tiriskan."",""Potong sayur."",""Celup rice paper 2 detik di air."",""Siapkan dan gulung kertas nasi dengan bihun"",""ayam dan sayuran di dalamnya. Gunakan saus wijen sebagai saus.""",makan malam
97,Udang Nori,197,47,2.56,0.321,0.0,0.889,0.764,29.0,4.17,1.61,0.4,0.34,327.0,45.0,"""Lauk Pauk""","""Camilan gurih"",""juicy"",""dan rendah kalori.""",10 menit,25 menit,"""70 gram udang"",""1/2 sdt garam"",""2 sdt minyak wijen"",""20 gram wortel"",""20 gram daun bawang"",""1 takaran stevia sweetener"",""1 bungkus rumput laut panggang (nori)"",""1 porsi kaldu jamur"",""1 takaran lada putih bubuk""","""Siapkan bahan"",""cincang udang dan bawang daun serta parut wortel dengan parutan keju."",""Masukan semua bahan kedalam wadah beri minyak jijen dan bumbu penyedap( garam"",""merica"",""kaldu jamur"",""pemanis stevia secukupnya )."",""Aduk hingga semua tercampur rata."",""Potong nori segi panjang menjadi beberapa bagian"",""disisi lain panaskan teflon dengan olesan sedikit minyak wijen."",""Taruh nori diatas teflon"",""lapisi dengan adonan hingga nori tertutup. Tutup teflon"",""Panggang dengan api yg sangat kecil."",""Jika sudah hampir matang"",""balikkan perlahan."",""Sajikan di piring dengan nasi dan sayuran pilihan.""",makan malam
99,Stir Fry Asparagus,92,22,0.97,0.419,0.0,0.166,0.394,0.0,1.42,2.82,1.3,1.14,2.0,127.0,"""Lauk Pauk"",""Makanan Pembuka""","""Resep cepat untuk disatukan.""",10 Menit,15 Menit,"""120 gram asparagus"",""1 siung bawang putih"",""2 ml minyak goreng tropical""","""Rebus asparagus hingga agak lunak."",""Tumis bawang putih dengan sedikit minyak."",""Masukkan asparagus yang telah direbus."",""Tumis asparagus dengan bawang putih dan tunggu hingga matang."",""Hidangan siap disantap.""",makan malam
101,Pizza,602,144,3.81,0.001284,0.002,0.785,0.534,6.0,6.25,21.91,0.7,4.34,144.0,31.0,"""Makanan Ringan"",""Lainnya""","""Pizza lezat dengan sosis dan daging sapi yang bisa Anda bagikan dengan semua orang.""",1 Jam 30 Menit,30 Menit,"""5 gram ragi"",""1 sdm margarin"",""1 sdm mayones ringan"",""20 gram gula pasir"",""100 gram bawang bombay"",""1/2 cup spaghetti sauce"",""150 g tepung segitiga biru"",""3 porsi beef frank"",""1 porsi sosis bratwurst""","""Campur air hangat dengan ragi dan gula."",""Tambahkan tepung terigu dan margarin. Aduk rata dan uleni adonan hingga kalis. Diamkan selama 1 jam hingga mengembang."",""Gulung adonan"",""taruh di atas loyang dan tusuk dengan garpu."",""Oleskan saus spageti. Tambahkan irisan sosis"",""daging sapi"",""mayones dan bawang bombay. Taburi dengan peterseli dan oregano"",""jika diinginkan."",""Diamkan selama 15 menit selagi oven dipanaskan terlebih dahulu."",""Panggang dalam oven selama 30 menit dengan suhu 140°C.""",makan malam
103,Oseng Toge Tahu Telur,2038,487,29.7,0.008635,0.0,0.0082289999999999,0.008908,499.0,29.79,29.12,3.7,14.59,593.0,621.0,"""Lauk Pauk""","""Menu diet murah dari rumah.""",10 Menit,20 Menit,"""118 gram telur"",""65 gram kecambah"",""5 gram cabai merah atau rawit"",""20 gram bawang putih"",""3 gram jahe"",""1 sdm minyak goreng"",""130 gram tahu"",""5 g kaldu jamur"",""1 sdm kecap manis""","""Potong dadu tahu"",""masukkan dalam wadah."",""Kocok lepas telur"",""tuang kedalam tahu."",""Panaskan minyak"",""tumis bawang putih"",""cabe rawit dan jahe hingga harum."",""Tuang tahu dan telur"",""aduk-aduk hingga telur matang."",""Masukkan toge"",""aduk aduk."",""Bumbui dengan kecap manis dan kaldu jamur"",""tambahkan air sedikit."",""Masak sampai bumbu meresap."",""Oseng toge tahu telur siap disajikan.""",makan malam
104,Tumis Pokcoy Saus Tiram,816,195,11.94,0.004378,0.0,0.00495,0.0013289999999999,0.0,3.13,22.77,4.8,6.43,921.0,439.0,"""Lauk Pauk"",""Makanan Pembuka""","""Resep pakcoy sederhana dengan sedikit rasa pedas.""",8 Menit,10 Menit,"""30 gram cabai merah atau rawit"",""100 gram saus tiram"",""3 siung bawang putih"",""5 kecil bawang merah"",""3 sdm minyak goreng"",""100 gram pakcoy""","""Cuci bersih pokcoy"",""potong potong sesuai selesai."",""Kupas bawang merah"",""bawang putih"",""dan cabai. Cuci bersih"",""lalu iris tipis dan memanjang untuk cabai."",""Panaskan minyak dalam wajan"",""masukan bawang merah dan bawang putih tunggu hingga harum"",""masukan cabai tunggu wangi."",""Masukan pokcoy aduk aduk."",""Masukan saus tiram"",""tambahkan air sedikit."",""Tunggu hingga matang"",""makanan siap disajikan.""",makan malam
109,Tumis Toge,159,38,0.51,0.064,0.0,0.277,0.043,0.0,3.97,6.67,2.3,1.9,567.0,132.0,"""Lainnya"",""Lauk Pauk""","""Hidangan sehat"",""mudah"",""dan super lezat yang hanya membutuhkan waktu beberapa menit untuk membuatnya.""",5 Menit,10 Menit,"""100 gram kecambah"",""2 siung bawang putih"",""1 takaran royco ayam""","""Iris bawang putih dan tumis di atas api yang panas tanpa minyak."",""Tambahkan taoge dan penyedap rasa sesuai selera. Campur dengan baik."",""Tumis hingga matang.""",makan malam
110,Ampyang,550,132,7.47,0.001037,0.0,0.002362,0.003708,0.0,3.56,14.47,1.2,11.76,4.0,128.0,"""Makanan Penutup"",""Makanan Ringan""","""Camilan yang sangat enak dan mudah dibuat yang akan anda nikmati.""",20 Menit,30 Menit,"""300 gram kacang sangrai kering (tanpa garam)"",""166 gram gula merah"",""63 gram gula pasir""","""Masukkan gula merah"",""gula pasir dan air ke dalam panci. Aduk hingga mengental dan gula larut."",""Buang kulit kacang panggang dan masukkan ke dalam wajan."",""Matikan api. Aduk hingga adonan ampyang benar-benar mengental dan matang."",""Ambil satu sendok makan campuran ampyang. Tuang di atas kertas lalu bentuk menjadi bentuk datar atau bulat. Lakukan hingga adonan habis."",""Biarkan dingin dan mengeras lalu simpan di toples kedap udara.""",makan malam
120,Tumis Timun dan Ayam,987,236,17.43,0.002222,0.0,0.0045119999999999,0.009687,0.04,10.16,8.93,0.4,5.98,622.0,221.0,"""Lauk Pauk""","""Hidangan ini sangat enak dan cocok dengan nasi.""",3 Menit,7 Menit,"""1 sejumput garam"",""50 gram daging paha dan kulit ayam (ayam pedaging)"",""80 gram mentimun (dengan kulit)"",""5 ml kecap manis"",""1 sdm minyak kanola"",""1/2 takaran royco ayam"",""1 sejumput lada putih bubuk""","""Goreng ayam dalam minyak canola sampai berwarna cokelat keemasan."",""Tambahkan mentimun potong dadu dan bumbu."",""Aduk hingga harum dan merata."",""Pindahkan ke piring dan sajikan dengan nasi"",""opsional.""",makan malam
121,Tumis Kangkung,243,58,3.09,0.00115,0.0,0.00125,0.292,0.0,2.29,6.41,1.6,0.76,44.0,357.0,"""Lauk Pauk""","""Dipasangkan dengan sempurna dengan hidangan apa pun.""",5 Menit,8 Menit,"""1/2 gram cabai merah atau rawit"",""10 gram bawang putih"",""9 gram bawang merah"",""3 ml minyak goreng"",""60 gram kangkung""","""Tumis bawang merah dan bawang putih smpai harum dalam minyak goreng."",""Masukan cabai dan kangkung."",""Tumis hingga layu.""",makan malam
122,Tumis Telur Tahu,1163,278,14.74,0.003178,0.0,0.004031,0.005364,0.22,26.23,15.09,2.8,2.79,959.0,761.0,"""Lauk Pauk""","""Sangat bergizi dan mudah dibuat.""",10 Menit,20 Menit,"""1 besar telur"",""50 gram kecambah"",""10 gram kaldu jamur"",""10 gram daun bawang"",""50 gram bayam"",""50 gram tempe"",""1 sdt bawang putih cincang"",""70 gram tahu"",""1 sdm sambal goreng"",""2 g royco ayam""","""Tumis baput"",""bawang putih cincang dan saus sambal lalu masukkan potongan tempe dan tumis hingga harum."",""Kocok telur dan tahu."",""Tambahkan ke tumisan"",""lalu aduk hingga telur dan tahu sedikit menggumpal. Tambahkan sedikit air."",""Tambahkan tauge"",""daun bawang dan bayam lalu tambahkan lebih banyak air jika perlu."",""Tambahkan bumbu kaldu jamur dan sedikit royco. Tumis hingga semuanya matang."",""Angkat dan sajikan.""",makan malam
123,Ayam Saos Tiram,2799,669,26.24,0.007796,0.0,0.0070469999999999,0.00834,208.0,76.66,29.58,3.9,12.64,2.529,955.0,"""Lauk Pauk""","""Lezat"",""penuh rasa dan mudah dibuat.""",10 Menit,15 Menit,"""500 gram dada ayam"",""1 sejumput lada hitam"",""20 gram cabai merah atau rawit"",""4 sdm saus tiram"",""5 siung bawang putih"",""10 gram daun bawang"",""3/4 gelas air"",""1 sejumput garam laut"",""1 sdm minyak goreng"",""1 sdm kecap manis"",""1 sedang bawang bombay"",""22 g saus sambal"",""10 g lengkuas""","""Potong semua bahan."",""Rebus air hingga mendidih lalu masak ayam. Sisihkan saat Anda selesai."",""Dalam wajan yang sudah dipanaskan"",""tumis bawang bombay lalu tambahkan cabai dan lengkuas. Aduk dan tambahkan sisa bumbu dan rempah-rempah."",""Masukkan ayam dan tambahkan sedikit air."",""Tambahkan daun bawang cincang halus. Aduk rata.""",makan malam
132,Tempe Kecap,2046,489,23.68,0.0067779999999999,0.0,0.009256,0.004469,0.0,22.38,56.79,6.4,29.98,3.005,1.043,"""Lauk Pauk""","""Sangat cocok sebagai lauk.""",5 Menit,10 Menit,"""2 siung bawang putih dimasak"",""3 sdm cabai merah atau rawit"",""1 sdt garam"",""100 gram tempe"",""2 kecil bawang merah"",""1 sdm minyak goreng"",""2 sdm kecap manis""","""Kupas bawang merah"",""bawang putih bawang putih dan cincang halus bersama cabai"",""Panaskan minyak. Tumis bumbu sampai harum"",""Masukan air"",""garam secukupnya"",""dan kecap manis"",""Masukan tempe yang udah dipotong dadu"",""Aduk-aduk hingga air susut""",makan malam
136,Sup Tahu Brokoli,663,158,9.32,0.002309,0.0,0.002698,0.00414,106.0,12.05,8.89,0.0,2.74,1.034,348.0,"""Lauk Pauk"",""Sup""","""Kaya akan protein dan serat.""",5 Menit,15 Menit,"""1 besar telur"",""130 gram brokoli"",""1 siung bawang putih"",""1/2 sdt gula pasir"",""5 gram garam laut"",""175 gram tahu"",""3 g lada putih bubuk"",""5 ml minyak goreng""","""Cuci bersih brokoli dan pot dg tahu."",""Tumis bawang putih dg minyak lalu masukkan air."",""Masukkan brokoli rebus masukkan bumbu lalu masuk lg tahu."",""Terakhir kocok telur dan tuang sdkit ke dlm panci rebusan."",""Aduk rata"",""siap dimakan.""",makan malam
138,Sup Tofu Telur,2105,503,38.59,0.009693,0.0,0.009427,0.003958,186.0,18.12,31.92,5.3,10.26,1.25,558.0,"""Sup"",""Lauk Pauk""","""Simple tapi enak.""",10 Menit,15 Menit,"""1 sedang telur"",""8 gram kaldu jamur"",""8 gram cabai merah atau rawit"",""1/4 sdt garam"",""1 sdm saus tiram"",""2 siung bawang putih"",""3 kecil bawang merah"",""2 sdm minyak goreng"",""180 g egg tofu""","""Potong tahu sesuai selera"",""lalu cincang bawang putih dan bawang merah."",""Panaskan minyak goreng dengan teflon"",""masukan bawang putih masak hingga tercium wanginya."",""Lalu masukan bawang merah sambil diaduk agar tidak gosong."",""Tambahkan air gelas."",""Masukan cabai"",""garam"",""kaldu jamur dan saus tiram."",""Lalu masukan telur"",""orak arik terus."",""Kemudian masukan tofu"",""diamkan hingga mendidih atau sudah terlihat matang.""",makan malam
140,Tempe Goreng,103,25,1.35,0.278,0.0,0.479,0.375,0.0,2.34,1.3,0.0,0.0,292.0,53.0,"""Lauk Pauk"",""Makanan Ringan""","""Tempe digoreng dengan air fryer.""",5 Menit,20 Menit,"""1 sdt garam"",""1 siung bawang putih"",""100 gram tempe""","""Iris tempe tipis tipis."",""Beri bumbu bawang putih dan garam."",""Lumuri bumbu dan masukkan ke air fryer dengan suhu 200°C waktu 20 menit.""",makan malam
147,Sup Telur,782,187,10.95,0.0030819999999999,0.0,0.0016419999999999,0.003126,212.0,12.24,10.99,3.6,1.01,3.254,223.0,"""Sup""","""Sup yang mudah dimasak yang sempurna untuk hari hujan.""",5 Menit,10 Menit,"""1 besar telur"",""1 mangkok"",""segar sawi dimasak (dari segar)"",""25 gram kaldu jamur"",""1 sdt garam"",""25 g sosis ayam"",""3 g lada putih bubuk""","""Kocok telur dan campurkan garam."",""Didihkan air dan jika air sudah mendidih masukkan telur kocok."",""Kemudian masukkan sosis dan sawi bersama kaldu dan merica.""",makan malam
158,Ayam Brokoli Tumis,1452,347,20.58,0.006566,0.0,0.00268,0.004219,66.0,27.81,14.47,5.4,2.19,3.652,674.0,"""Lauk Pauk""","""Makan siang sehat yang cepat dan mudah.""",10 Menit,20 Menit,"""80 gram dada ayam"",""1 mangkok"",""segar"",""potongan batang brokoli dimasak (dari segar)"",""1 sejumput lada hitam"",""1 sdt garam"",""1 siung bawang putih"",""20 g saus tiram"",""1 sdm minyak goreng""","""Potong ayam dadu"",""lalu goreng ayam sampai kering."",""Tumis bawang putih"",""brokoli"",""dan masuk ayam."",""Tambah air"",""saus tiram"",""dan bumbu."",""Aduk sampai rata."",""Sajikan.""",makan malam
162,Sup Tomat,862,206,10.18,0.0012079999999999,0.0,0.003181,0.005036,0.0,20.61,11.35,1.9,3.75,341.0,539.0,"""Sup""","""Sup tomat dengan campuran tahu dan telur.""",10 Menit,10 Menit,"""100 gram tomat"",""1 besar putih telur"",""1 siung bawang putih"",""1 gelas air"",""200 gram tahu"",""115 g royco kaldu rasa sapi"",""3 g lada putih bubuk""","""Potong-potong tomat dan bawang putih lalu blender dengan air sampai halus."",""Masak sampai mendidih lalu masukkan tahu yang sudah dipotong dadu."",""Setelah kuah berkurang masukkan putih telur."",""Tambahkan royco dan lada bubuk"",""tes rasa hingga sesuai yang diinginkan."",""Setelah matang tambahkan daun bawang dam hidangkan.""",makan malam
163,Sup Labu Telur,695,166,7.74,0.002434,0.0,0.001826,0.0024159999999999,186.0,8.24,14.08,0.8,2.04,1.292,366.0,"""Sup""","""Sup labu dengan telur dan tahu.""",15 Menit,30 Menit,"""2 sedang telur"",""1 sdt garam"",""2 siung bawang putih"",""160 gram labu"",""1 gelas air"",""5 ml minyak goreng"",""40 gram tahu"",""15 g bihun jagung"",""4 g bumbu penyedap rasa sapi""","""Rebus bihun hingga matang"",""sisihkan."",""Kupas dan bersihkan labu potong dadu"",""sisihkan."",""Tumis bawang putih"",""masukkan telur dan aduk hingga matang."",""Tambahkan air"",""masukkan lahu dan tahu.""",makan malam
176,Dada Ayam Paprika,1138,272,7.37,0.001908,0.0,0.001766,0.00245,165.0,38.55,12.69,2.7,2.25,1.29,636.0,"""Lauk Pauk""","""Tumis dada ayam dengan paprika.""",15 Menit,10 Menit,"""75 gram dada ayam"",""50 gram udang"",""1 sejumput lada hitam"",""1 sejumput garam"",""1 sdm saus tiram"",""50 gram brokoli"",""30 gram wortel"",""40 gram paprika kuning manis"",""150 ml air"",""1 sdt bawang putih cincang""","""Masukan air tunggu sampai mendidih."",""Masukan bawang putih cincang."",""Masukan dada ayam"",""aduk sampai mendidih."",""Masukan sayuran dan bumbu lainya."",""Aduk sampai matang."",""Sajikan dengan taburan daun petersely.""",makan malam
182,Poires Helena,1625,388,12.76,0.002681,0.0,0.002103,0.00542,0.0,5.32,68.87,9.1,50.12,7.0,0.35,"""Makanan Penutup""","""Dessert Prancis.""",10 Menit,20 Menit,"""11 gram kayu manis"",""3 sedang buah pir"",""50 gram kacang almond"",""2 1/2 gelas air"",""90 gram gula pasir"",""15 g saus manis cokelat pisang"",""100 ml ice cream cokelat chip""","""Masukkan gula pasir dan kayu manis"",""tambahkan 1/2 gelas air."",""Aduk"",""kemudian tambahkan 2 gelas air dan rebus 3 buah pir."",""Tiriskan"",""plating buah pir kemudian tambahkan 2 scoops ice cream"",""tambahkan saus coklat dan beri taburan kacang almond.""",makan malam
183,Bayam Jamur,347,83,2.04,0.606,0.0,0.00034,0.712,0.08,5.93,10.44,2.7,2.72,0.06,286.0,"""Lainnya""","""Jamur enoki krim dan bayam yang cepat dan mudah.""",5 Menit,5 Menit,"""1 kecil telur"",""15 gram bawang putih"",""80 gram bayam"",""12 gram bawang merah"",""103 g jamur enoki"",""60 ml non fat milk""","""Iris halus bawang merah dan putih."",""Tumis bawang merah dan putih sampai kecoklatan."",""Masukan bayam yang sudah dicuci"",""aduk sebentar"",""tambahkan 50ml air matang."",""Masukan telur."",""Aduk2 sebentar sampai telur tercampur dan bayam layu."",""Masukan jamur enoki yg sdh dicuci bersih."",""Tambahkan susu non fat."",""Diamkan sebentar kemudian angkat.""",makan malam
184,Gyoza,206,49,1.62,0.406,0.0,0.431,0.618,9.0,3.73,4.86,0.3,0.66,151.0,57.0,"""Lauk Pauk""","""Gyoza rendah kalori dibuat dengan dada ayam.""",30 Menit,30 Menit,"""200 gram dada ayam"",""20 kecil pangsit polos"",""1 sdt minyak wijen"",""1 sdm saus tiram"",""100 gram kubis"",""2 siung bawang putih"",""1 mangkok daun bawang"",""1 sejumput garam laut"",""10 g tepung tapioka""","""Haluskan Dada ayam"",""tapioka"",""1 butir telur"",""kubis"",""ke dalam chopper sampai halus jangan lupa di beri bumbu."",""Isi kulit pangsit dengan isian gyoza."",""Kukus di atas teflon selama 30 menit dengan sedikit air sambil ditutup."",""10 anggota telah menambahkan resep ini ke buku masak mereka""",makan malam
189,Bola Ubi Jalar,63,15,0.35,0.104,0.0,0.125,0.106,0.0,0.29,2.86,0.5,0.66,7.0,44.0,"""Makanan Penutup"",""Makanan Ringan""","""Bola-bola ubi isi nanas.""",15 Menit,30 Menit,"""58 gram nanas"",""377 gram ubi jalar (manis)"",""18 gram biji wijen kering utuh"",""2 sdt fiber creme""","""Kukus ubi hingga matang."",""Hancurkan ubi"",""tambahkan fiber creme."",""Bentuk ubi dan isi dengan nanas."",""Lapisi dengan biji wijen.""",makan malam
193,Bakso dan Sup Telur,1515,362,14.38,0.00015,0.0,0.651,0.219,0.0,30.02,27.84,0.0,3.55,1.36,76.0,"""Sup""","""Sup kaya dengan telur"",""tahu sutra"",""dan bakso.""",2 Menit,15 Menit,"""1/2 slice soft silken tofu"",""45 g bakso sapi"",""250 ml air mineral"",""50 g fish roll"",""40 g telur ayam kampung"",""48 g crab stick""","""Didihkan air."",""Setelah didih masukan telur."",""Lalu di aduk sebentar dan masukan semua bahan."",""Tambahkan sedikit penyedap"",""gula"",""bawang putih bubuk"",""dan lada hitam.""",makan malam
196,Martabak Tofu,149,36,1.87,0.344,0.0,0.864,0.482,18.0,3.17,2.2,0.5,0.49,61.0,83.0,"""Makanan Pembuka""","""Pancake Tofu dengan daun bawang dan wortel.""",5 Menit,15 Menit,"""1 tsp low sodium"",""dry beef broth"",""bouillon or consomme"","""",""1 besar egg"",""1 medium carrots"",""1 tsp white pepper"",""2 sejumput salt"",""1/2 sdm oyster sauce"",""2 siung garlic"",""1 mangkok"",""dicincang scallions or spring onions"",""3/4 block regular tofu (with calcium sulfate)""","""Hancurkan tahu"",""parut wortel dan potong daun bawang."",""Campurkan semua bahan dan telur aduk rata dan tambahkan bumbu-bumbu."",""Siapkan pan panas lalu kecilkan api dan panggang bertahap."",""6 anggota telah menambahkan resep ini ke buku masak mereka""",makan malam
201,Lumpia Pisang Aroma,1375,329,7.12,0.002654,0.0,0.001315,0.002567,8.0,8.63,60.68,4.2,21.22,898.0,553.0,"""Makanan Penutup""","""Lumpia lezat dengan pisang dan keju.""",5 Menit,10 Menit,"""15 gram keju cheddar"",""4 sedang pisang"",""20 gram gula pasir"",""1 mangkok saus cokelat"",""16 sedang pangsit polos""","""Siapkan bahan dan lelehakan coklat."",""Masukkan pisang keju gula pasir ke kulit pangsit lalu gulung."",""Goreng."",""Tambahkan lelehan coklat dan keju diatas nya.""",makan malam
204,Onde-onde Panggang,258,62,2.92,0.723,0.005,0.001017,0.0010329999999999,0.0,1.63,8.52,1.1,1.43,14.0,72.0,"""Makanan Ringan"",""Makanan Penutup""","""Pangsit manis tanpa minyak"",""tepung"",""atau gula.""",30 Menit,1 Jam,"""1 sdm selai kacang"",""5 sdm biji wijen kering utuh"",""7"",""8 g stevia sweetener"",""5 ml fiber creme"",""40 g tepung beras"",""60 g tepung tapioka"",""170 gram ubi ungu rebus""","""Kukus ubi lalu haluskan"",""setelah halus Ini dengan fiber crime"",""selai kacang dan gula stevia. Aduk sampai rata."",""Campur tepung beras dan tapioka dengan air panas 4sdm"",""aduk sampai kalis diamkan 10 menit . Seharusnya tepung ketan putih karena gak punya pakai yg ada."",""Bagi menjadi 12 bagian tepungnya"",""masukan isian ubinya bulat"" dan gepengkan. Lalu panggang selama 1 jam di suhu 120°c."",""Onde-onde ubi panggang siap disajikan.""",makan malam
206,Sup Telur Jagung,906,216,7.41,0.001706,0.0,0.001978,0.002892,108.0,8.48,0.0,5.3,8.13,1.561,0.53,"""Sup""","""Sup yang menenangkan dengan telur"",""jagung"",""dan sayuran.""",25 Menit,30 Menit,"""1 irisan tipis ayam"",""1 besar telur rebus"",""100 gram wortel dimasak"",""100 gram bawang bombay dimasak"",""1 sdt garam"",""1 mangkok jagung manis kuning"",""1 mangkok daun bawang"",""1 sdt bawang putih cincang"",""600 ml air mineral""","""Tumis bawang putih & bombay."",""Jika sudah harum masukan kurleb air."",""Masukan ayam"",""wortel"",""jagung"",""diamkan kurleb 20menit."",""Lalu kocok telur lalu masukan"",""setelah itu masukan jg daun bawang."",""Tambahkan garam dan merica setelah itu dicicip."",""Sudah biss dihidangkan.""",makan malam
208,Perdekel Tahu Bawang,177,42,3.44,0.00218,0.0,0.376,0.706,26.0,2.4,1.22,0.1,0.27,11.0,0.04,"""Lauk Pauk""","""Campuran tahu dan bawang panggang yang harum.""",5 Menit,10 Menit,"""1 besar telur"",""10 gram bawang putih"",""10 gram daun bawang"",""15 gram bawang merah"",""150 gram tahu"",""1 sdm virgin coconut oil""","""Iris bawang-bawangan"",""kemudian panggang hingga harum."",""Hancurkan tahu"",""tambahkan bawang-bawangan."",""Masukan telur ke dalam adonan tahu."",""Tambahkan garam"",""merica"",""dan kaldu jamur."",""Panaskan 1sdm vco di teflon anti lengket."",""Mulai dry frying adonan"",""kurleb 1 sdm adonan setiap goreng perkedel."",""Tunggu hingga ke coklatan"",""dan angkat. Perkedel siap dinikmati.""",makan malam
211,Kare Capit Kepiting,859,205,5.37,0.001733,0.0,0.001836,0.675,124.0,26.78,13.2,0.0,4.36,759.0,678.0,"""Lauk Pauk""","""Kepiting lezat dalam kari!""",20 Menit,20 Menit,"""500 gram kepiting"",""1/4 ikat ketumbar"",""1 sdt bubuk kari"",""20 gram cabai merah atau rawit"",""3 siung bawang putih"",""5 kecil bawang merah"",""5"",""50 ml minyak goreng"",""15 ml sun kara""","""Tumis bumbu halus hingga wangi."",""Masukkan air secukupnya."",""Masukkan kara."",""Masukkan kepiting"",""garam dan kaldu bubuk"",""tambahkan cabe rawit utuh."",""Tes rasa.""",makan malam
214,Ayam Tempe Penyet,1914,458,18.36,0.004344,0.0,0.005726,0.00567,87.0,47.85,31.36,6.2,7.6,1.01,1.067,"""Lauk Pauk""","""Ayam dan tempe dipenyet tnpa minyak tapi tetap enak.""",5 Menit,30 Menit,"""210 gram dada ayam"",""30 gram cabai merah atau rawit"",""1/2 sdt garam"",""4 siung bawang putih"",""138 gram tempe"",""4 kecil bawang merah"",""5 g terasi""","""Ulek semua bumbu atau blender ditambahkan air."",""Setelah halus masukan ke panci"",""masukan ayam dan tempe"",""dan air."",""Tambah garam. Dan biarkan air menyusut."",""Hidangkan..""",makan malam
223,Sawi Gulung,182,44,2.54,0.00054,0.0,0.00058,0.001104,53.0,4.1,1.62,0.4,0.82,0.1,125.0,"""Lainnya"",""Makanan Ringan"",""Makanan Penutup"",""Salad dan Salad Dressing"",""Lauk Pauk"",""Makanan Pembuka""","""Gulungan hijau rendah kalori dengan tauhu.""",10 Menit,10 Menit,"""2 besar telur"",""5 gram kaldu jamur"",""200 gram tahu"",""250 gram sawi hijau"",""1/2 tbsp saus tiram"",""Cara memasak""","""Rebus lembaran sawi sampai layu"",""kemudian rebus 1 buah telur"",""kemudian potong mnjadi 8 bagian."",""Hancurkan tahu."",""Masukkan telur mentah"",""saus tiram dan kaldu jamur."",""Ambil selembar sawi"",""masukan adonan tahu dan telur rebus"",""gulung seperti menggulung risoles."",""Lakukan sampai adonan tahu habis."",""Kukus kurang lebih 10 menit.""",makan malam
225,Dragon Fruit Jelly,554,132,0.95,0.00013,0.415,0.0,0.0,0.0,1.95,32.45,4.8,24.52,0.01,0.48,"""Makanan Penutup"",""Makanan Ringan""","""Rawatan diet 3 snek atau pencuci mulut.""",10 Menit,10 Menit,"""2 gelas air"",""500 g buah naga"",""3"",""75 g jelly powder anggur""","""Rebus nutrijell rasa apa pun dalam 2 gelas air. Rebus hingga mendidih .. Setelah masak"",""diamkan 3 menit"",""lalu tambahkan asam buah dan biarkan dingin."",""Belah buah naga menjadi dua"",""keluarkan isinya lalu potong dadu"",""usahakan kulit buah naga masih tersisa."",""Potong Nutrijell dingin menjadi kubus"",""lalu sajikan dengan irisan buah naga di atas kulit buah naga. Selamat menikmati.""",makan malam
226,Dimsum Diet,216,52,1.53,0.348,0.0,0.412,0.639,6.0,3.67,5.9,0.5,1.04,0.3,74.0,"""Lauk Pauk""","""Pangsit rendah kalori dengan ayam dan tahu.""",20 Menit,20 Menit,"""100 gram dada ayam"",""15 kecil pangsit polos"",""1 besar putih telur"",""1 sdt garam"",""50 gram wortel"",""3 siung bawang putih"",""3 kecil bawang merah"",""125 gram tahu"",""230 g royco kaldu rasa sapi"",""3 g lada putih bubuk""","""Perajang / haluskan bawang putih"",""bawang bombay"",""dada ayam"",""tahu"",""garam"",""merica"",""putih telur"",""dan kaldu."",""Parut semua wortel dengan parutan rujak / potong korek api tipis2."",""Isi kulit pangsit dengan isian ayam tahu yg sudah di haluskan.. Kemudian kukus sampai matang kurang lebih 15 menit . Siap di santap dan di nikmati.""",makan malam
239,Klapertart,735,176,9.37,0.005735,0.0,0.234,0.719,55.0,3.29,21.01,0.0,12.6,121.0,0.22,"""Makanan Penutup"",""Makanan Ringan""","""Klapertart tanpa kacang.""",10 Menit,20 Menit,"""3 besar telur"",""1 sdt kayu manis"",""1/4 sdt garam"",""1/4 sdt ekstrak vanila"",""50 gram kismis (tanpa biji)"",""200 gram kelapa"",""300 gram air kelapa"",""100 gram gula pasir"",""2 sdm mentega"",""300 ml susu uht full cream"",""60 g tepung pati jagung""","""Campur susu"",""air kelapa"",""maizena"",""vanila"",""garam"",""kuning telur"",""gula. Aduk hingga mengental."",""Tambah blue band"",""kelapa muda kismis."",""Letakan di 3/4 wadahnya."",""Kocok putih telur dengan gula pasir."",""Letakkan diatas adonan pertama."",""Panggang dengan suhu 170 derajat selama 20menit.""",makan malam
268,Agar-agar Kukus Coklat,474,113,4.36,0.002085,0.075,0.563,0.001092,53.0,2.42,16.01,0.0,9.5,58.0,33.0,"""Makanan Penutup""","""Agar-agar brownies rendah kalori.""",5 Menit,10 Menit,"""1 besar telur (utuh)"",""10 gram kacang sangrai kering (dengan garam)"",""25 gram gula pasir"",""7 g agar agar powder"",""35 g white coffee less sugar"",""9 g agarasa coklat""","""Kocok telur sampai mengembang."",""Tuang bubuk agarasa"",""agar2putih dan bubuk kopi. Aduk rata."",""Panaskan kukusan."",""Masukkan kedalam cetakan tambahkan kacang secukupnya."",""Kukus 10-15menit. Angkat.""",makan malam
270,Sup Daging Tahu,1125,269,14.19,0.005136,0.0,0.00291,0.004428,33.0,14.42,22.49,3.1,4.4,892.0,546.0,,"""Sup yang menenangkan dengan daging sapi dan tahu.""",.,.,"""150 gram daging sapi"",""1 sdt jinten"",""1 sdt garam"",""125 gram wortel"",""100 gram jagung manis kuning"",""3 siung bawang putih"",""1 sdt jahe"",""1 daun bawang"",""700 ml air"",""20 gram bawang merah"",""2 sdm minyak goreng"",""100 gram tahu"",""230 g royco kaldu rasa sapi"",""3 g lada putih bubuk"",""150 gram kentang rebus"",""60 gram bawang bombay""","""Daging sapi sebelumnya sudah direbus terlebih dahulu."",""Halus lada"",""jintan"",""jahe"",""bawang putih dan bawang merah."",""Tumis bumbu halus"",""tambahkan bawang Bombay yang sudah di potong-potong"",""setelah itu tambahkan air biarkan sampai mendidih."",""Tambah semua bahan"",""test rasa."",""Masak sampai mendidih.""",makan malam
271,Soto Ayam,508,121,1.91,0.408,0.0,0.639,0.591,24.0,10.64,16.25,5.2,4.27,658.0,213.0,,"""Soto ayam tanpa santan.""",.,.,"""178 gram dada ayam rebus (kulit tidak dimakan)"",""200 gram kecambah"",""2 gram ketumbar"",""2 sdt kunyit"",""1 sdt garam"",""100 gram selada kol"",""3 siung bawang putih"",""1 sdt jahe"",""1 mangkok daun bawang"",""2 gram sereh"",""2 gram kacang kemiri"",""2 kecil bawang merah"",""500 g mie basah matang"",""1 sdm kecap manis"",""2 g royco ayam"",""3 g lada putih bubuk""","""Haluskan bawmer"",""bawput"",""jahe"",""kemiri"",""kunyit dan geprek laos dan sereh."",""Tumis bumbu halus tadi bersama dgn laos dan sereh yg sudah di geprek dan tambah duan salam dan daun jeruk."",""Setelah matang"",""masukan air dan air sisa rebusan ayam."",""Rebus ayam"",""tauge"",""mie shirataki Secara terpisah."",""Setelah air mendidih"",""masukan bumbu spt garam"",""lada bubuk"",""royko dan kecap manis 1sdm Setelah di rasa pas"",""matikan api kompor."",""Siapkan ayam suir"",""tauge"",""kol di iris"",""jeruk nipis"",""dan mi shirataki nya."",""Kalo mau pake sambel"",""tinggal haluskan rawit dan juga air kuah sotonya."",""Selesai.""",makan malam
278,Sup Bening,676,162,5.52,0.00136,0.0,0.001214,0.002278,106.0,5.86,22.7,2.5,1.86,372.0,484.0,"""Sup""","""Sehat dan berenergi.""",10 Menit,15 Menit,"""1 besar boiled egg"",""1/4 mangkok"",""dicincang broccoli"",""1/2 sdt minced garlic"",""1/4 scallops"",""1/4 ons cabbage (with salt"",""drained"",""cooked"",""boiled)"",""1/2 kecil cooked carrots"",""1 medium boiled potato""","""Potong semua bahan."",""Rebus air hingga mendidih lalu masukkan bawang merah dan bawang putih."",""Setelah 3 menit masukkan kentang dan wortel."",""Setelah wortel dan kentang setengah matang masukkan brokoli dan kol."",""Taburkan sedikit garam. Menyajikan.""",makan malam
288,Puding Chia,317,76,0.7,0.074,0.0,0.492,6e-05,0.0,4.54,13.64,0.0,10.41,46.0,208.0,"""Makanan Penutup"",""Makanan Ringan""","""Paling enak disajikan dingin.""",5 Menit,30 Menit,"""8 lengkeng"",""50 gram mangga"",""8 gram chia seed"",""3"",""5 g agar agar powder"",""500 ml skimmed milk (250ml)"",""2 sdm brown sugar"",""4 sedang stroberi""","""Membuat puding chia seed: campur chia seed dengan air atau susu lalu aduk rata dan simpan di lemari es. Diamkan 1 jam kemudian biji chia akan mengembang. Just adjust the water/milk according to the chia seeds."",""Sambil menunggu puding chia dingin"",""sesuaikan air/susu sesuai dengan biji chia. Tuang susu"",""gelatin"",""dan gula merah ke dalam panci."",""Masak dengan api kecil sambil diaduk2 sampai mendidih."",""Setelah mendidih tuang ketempat yg telah disediakan."",""Tunggu hingga puding set beri puding chia seed dan buah2an yang sudah dipotong2 lalu simpan dikulkas.""",makan malam
305,Protein Bar Kacang Tanah,302,72,3.63,0.504,0.0,0.001135,0.001774,0.0,2.2,8.99,0.8,5.37,1.0,61.0,"""Makanan Ringan"",""Makanan Penutup""","""Camilan yang mudah dibuat"",""sehat dan enak.""",15 Menit,.,"""100 gram roasted unsalted peanuts"",""25 gram raisins"",""75 gram honey"",""50 g instant oatmeal""","""Giling kacang goreng."",""Campurkan semua bahan dan kacau sehingga menjadi doh."",""Masukkan ke dalam cetakan/tutup dengan plastik cling dan potong menjadi batangan."",""Dinginkan di lemari es.""",makan malam
